"bank","id","y1(06)","y1(07)","y1(08)","y1(09)","y1(10)","y2(06)","y2(07)","y2(08)","y2(09)","y2(10)","p1(06)","p1(07)","p1(08)","p1(09)","p1(10)","p2(06)","p2(07)","p2(08)","p2(09)","p2(10)","x1(06)","x1(07)","x1(08)","x1(09)","x1(10)","x2(06)","x2(07)","x2(08)","x2(09)","x2(10)","x3(06)","x3(07)","x3(08)","x3(09)","x3(10)","w1(06)","w1(07)","w1(08)","w1(09)","w1(10)","w2(06)","w2(07)","w2(08)","w2(09)","w2(10)","w3(06)","w3(07)","w3(08)","w3(09)","w3(10)"
"Export-Import Bank","F1",8064,2222,3137,3211,3125,61785,71372,78622,82866,81996,1e-04,0.00045004500450045,0.0130698119222187,0.0077857365306758,0.00992,0.0494,0.0449335874012218,0.0362239576708809,0.0181739193396568,0.0125006097858432,26162,25128,25349,22990,25019,203,206.999714887185,205.000154135454,204.999625481453,201.999233520695,494,487,481,478,505,0.0776,0.0846068131168418,0.0704564282614699,0.0326663766855154,0.0185858747352012,1.7931,1.77294930188679,1.76097428571429,1.775613,1.71782830039526,0.2935,0.26694045174538,0.272349272349272,0.271966527196653,0.245544554455446
"Bank of Taiwan","F2",276949,239645,217155,194182,904580,1488234,1925883,1999742,2058748,2091100,0.0287,0.0339585637088193,0.032852110243835,0.0242864941137696,0.00930708173959185,0.0267,0.0278692942406159,0.03083047713155,0.0161593356739144,0.0155841423174406,2133665,2465672,2947330,3189111,3171493,6791,8217.00853440371,8124.97491672352,8061.02909382914,7950.9575718467,74448,82011,79931,78452,76576,0.0252,0.0229641249931053,0.0194426820206763,0.00955156468370025,0.0076938527059653,1.455,1.39685871712837,1.39458892072117,1.38927671264368,1.43404110724638,0.0631,0.0761727085390984,0.0784176352103689,0.0703360016315709,0.0729601964061847
"Taipei Fubon Bank","F3",108841,115083,104619,81800,392491,617985,662278,758269,835739,866282,0.1731,0.0720349660679683,0.0725011709154169,0.0577506112469438,0.0132308766315661,0.0318,0.033938919909766,0.0321007452500366,0.0170687260017781,0.0164022800889318,888453,877014,1014222,1135907,1222499,6092,6258.96832793385,6549.00257975531,6145.00863777516,6434.01490859118,13404,13262,12975,12386,12082,0.0137,0.0185857922450497,0.0168966952008535,0.00702962478442337,0.00500368507458902,0.8551,0.919161065941858,0.94945755850234,0.993651979993101,1.00357243365696,0.4696,0.500754034082341,0.507899807321773,0.500080736315195,0.590051316007284
"Bank of Kaohsiung","F4",30733,27940,18567,15287,16740,99567,112496,138424,139665,163054,0.028,0.0321045096635648,0.0384014649647224,0.0192320272126644,0.0242532855436081,0.0315,0.03152112075096,0.0296841588163902,0.0176278953209466,0.0156451237013505,121315,130499,159665,161921,189169,857,887.008733624454,938.999127780201,923.007654209815,913.995273975657,2984,2932,2346,2285,2237,0.0163,0.0157702357872474,0.015695362164532,0.00831269569728448,0.00545543931616703,1.2941,1.31002092307692,1.2598520754717,1.27842926829268,1.38950390243902,0.1883,0.198840381991814,0.263427109974425,0.239824945295405,0.249888243182834
"Land Bank","F5",240812,194304,233576,255176,227086,1369330,1449698,1563891,1593615,1706964,0.0129,0.01660284914361,0.012081720724732,0.00894284728971377,0.0140871740221766,0.0291,0.0300690212720167,0.0316045044059976,0.0181969923726873,0.0165832437005116,1481201,1548524,1681447,1745395,1846028,5742,5782.01286750726,5813.00562921037,5956.9970845481,5732.01159889406,47797,45993,23070,22872,22634,0.0186,0.0213338637308818,0.0217271195583328,0.00889712643842798,0.00663749412251602,1.6703,1.4728434880968,1.45759363407858,1.36008124311758,1.46562857647059,0.1031,0.105516056791251,0.20914607715648,0.186778593913956,0.193690907484316
"Cooperative Bank","F6",167760,347608,298342,412985,502569,1734526,1745691,1848838,1814493,1799753,0.0357,0.0194443165864997,0.0203022035114064,0.0102521883361381,0.00741191756753799,0.0256,0.0301244607436253,0.030885886162011,0.0193519622285674,0.017660756781625,1900844,1982102,2060957,2149455,2220071,8463,8803.01959384131,8916.00490670799,9001.9754539341,8835.03597050319,33993,33864,34032,33868,33638,0.0173,0.0190297976592527,0.0193429557239671,0.00886969022380092,0.0069605881974045,1.2661,1.34453864084099,1.38907505430847,1.38902844869849,1.45375752208381,0.1585,0.180191353649894,0.181388105312647,0.170839730719263,0.169867411855639
"First Bank","F7",341503,318170,337611,516476,507630,979893,1079681,1169533,1108130,1260072,0.0198,0.0260332526636704,0.0240543110265957,0.0102579790735678,0.00988121269428521,0.0328,0.0334311708736192,0.0323984017552305,0.0196430021748351,0.0175132849551454,1389180,1446747,1400668,1531093,1602733,7074,7020.99388785543,7144.01635885618,7037.97998116695,7048.00027487631,23386,23601,23212,22793,22843,0.0161,0.0182485258307085,0.0177815156768056,0.00752991490392811,0.00493282411980037,1.2289,1.26591763815291,1.31718623353021,1.28886413776016,1.34222469226082,0.2094,0.217575526460743,0.216956746510426,0.207958583775721,0.207766055246684
"Hua Nan Bank","F8",175867,201389,332461,423501,393020,1030505,1063760,1133780,1117043,1256618,0.0554,0.0514179026659847,0.0321932497345553,0.0140991402617703,0.0136608823978423,0.0307,0.0333355268105588,0.0324322178905961,0.0187127979853954,0.0161536759779026,1316426,1333171,1414955,1537165,1595039,7220,7054.01501004193,7194.98744514585,7072.94336984386,7125.98772789476,22481,23000,23912,23106,24907,0.0159,0.017501880853994,0.0158747097964246,0.00716578896865333,0.00526570196716193,1.2205,1.28692666333666,1.24183677429876,1.28758276771005,1.33048222394301,0.2383,0.243217391304348,0.232393777183004,0.217475980264866,0.200505881880596
"Chang Hwa Bank","F9",256027,194842,222366,274348,257105,875145,921046,991595,1023560,1060005,0.0224,0.03549542706398,0.0266182779741507,0.0120394535407585,0.0149938740981311,0.0334,0.0336182991946113,0.0319767647073654,0.0180614717261323,0.0167763359606794,1042333,1040862,1151373,1234182,1267731,6094,6356.98870660213,6528.99111651738,6490.96898784505,6427.99489378266,25071,25026,24800,24243,23778,0.0188,0.0215263887047466,0.0176676020716136,0.00784244139032979,0.00508151965992786,1.1894,1.15746626895188,1.15209223994354,1.17147378368918,1.31751815923056,0.1491,0.1677855030768,0.175766129032258,0.166687291176835,0.169400285978636
"Mega Bank","F10",279048,288894,232011,409882,344886,1126008,1203917,1316097,1277557,1332661,0.0376,0.0302429264713009,0.0391102146018939,0.0129159123845399,0.0146744141542423,0.0348,0.0373422752565169,0.0352838734530965,0.0214479667052038,0.0183302430250454,1129310,1274000,1385993,1517176,1589474,4908,5103.00465808809,5168.99129902497,5104.60251046025,5033.00269989011,15530,14888,16190,14804,13568,0.032,0.0298995290423862,0.024656690185304,0.00892645283078562,0.00612529679629865,1.8816,1.70840526006228,1.66860408560311,1.85851885245902,2.16610255349913,0.3467,0.378358409457281,0.686349598517603,0.344366387462848,0.588664504716981
"Cathay United Bank","F11",120040,110084,159316,149129,162490,674606,765704,815566,810235,891448,0.1274,0.124305076123687,0.0756170127294183,0.0576413708936558,0.0457505077235522,0.0364,0.0333105220816399,0.0334442583432855,0.0186131184162619,0.0162320180201201,901182,1051020,1108480,1314040,1349708,4598,5909.99010880317,6457.97263893198,5978.99128041372,6061.99635889752,23823,27657,26726,26271,25285,0.0169,0.0167951133184906,0.0166299797921478,0.00711393869288606,0.0049247689129797,0.9822,1.09729456066946,0.997526679064001,1.18264096205718,1.21676087600644,0.3018,0.272878475611961,0.287659956596573,0.278520041109969,0.293889657899941
"The Shanghai Bank","F12",142684,186316,203632,204033,229432,258320,287621,330166,352462,392894,0.0213,0.0181626913415917,0.018047261727037,0.00967000436203947,0.00934481676488023,0.0347,0.0365550498746614,0.0340555962758128,0.0196162990620265,0.0179972206243923,395795,460948,508414,518330,577127,2188,2267.00138566467,2300.99936460832,2222.99668915387,2264.99862589765,8792,8735,8997,10269,10190,0.0163,0.0181473832189314,0.0158669902874429,0.00664827426542936,0.00431100953516297,1.1385,1.13586167890454,1.17731453631285,1.66082118701008,1.24370936378983,0.2117,0.229650829994276,0.213182171835056,0.167202259226799,0.170951913640824
"Union Bank","F13",50949,69597,59744,20218,13865,208782,207696,182784,171559,191209,0.1267,0.0904205641047746,0.109282940546331,0.243644277376595,0.304363505228994,0.0376,0.0382433941915107,0.0408514968487395,0.0256646401529503,0.0234716985079154,290809,274434,286780,280951,295386,3637,3390.00690161366,3083.01988178399,2907.97912691662,2974.98888014507,8488,8564,8454,8056,8051,0.0183,0.0225190756247404,0.0228432945114722,0.0130129453178668,0.00796246267595621,0.6975,0.755750673776054,0.705477124183006,0.687762845849802,0.716977469810236,0.4826,0.394441849602989,0.371540099361249,0.31454816285998,0.311886722146317
"Far Eastern Bank","F14",27750,20989,19851,35852,290831,225261,225753,213730,215955,239958,0.0958,0.0928105197960837,0.101556596645005,0.0491464911302019,0.00589345702487011,0.0355,0.0366152387786652,0.0368174799981285,0.021842513486606,0.0204285750006251,281683,291763,310129,324052,344499,2312,2327.02934080473,2274.00764346727,2083.99976304721,2377.99228716454,2471,2475,2360,2230,2855,0.0181,0.0213255279113527,0.0217586875139055,0.00970523249355042,0.00654283466715433,0.9221,0.904157056856187,0.975370512219618,1.02639167140421,1.16653027639028,0.8325,0.895757575757576,0.883474576271186,0.846636771300448,0.762521891418564
"E. Sun Bank","F15",136155,143722,128746,97586,357497,441689,517120,536513,553936,602776,0.0519,0.041851630230584,0.046735432557128,0.0504375627651507,0.01527844988909,0.0291,0.0301902846534653,0.0327335963900222,0.018375769041911,0.0189937887374414,565756,634390,707027,813103,936612,3760,3956.00749010406,4285.98449025913,4433.04477930961,4582.99788293526,11017,12496,12975,13886,14195,0.0154,0.0179227289206955,0.0178621184198057,0.00765462678160085,0.00523162205908103,0.8747,0.869816351108448,0.862578949691086,0.857875385728062,0.961597651268705,0.3603,0.324423815620999,0.348516377649326,0.322050986605214,0.357308911588588
"Cosmos Bank","F16",6168,888,1109,1171,1681,140005,119955,98038,74110,70222,0.2745,1.3490990990991,0.621280432822362,0.42869342442357,0.254610350981559,0.0885,0.0872410487266058,0.0877822885003774,0.0802590743489408,0.0686821793739854,204254,134354,124926,105435,109728,3298,3014.99654891134,2255.00008779785,1639.99908262492,1684.99696369313,7966,6847,6587,6079,6162,0.0181,0.0271893654078033,0.0249187519011255,0.0178119220372741,0.00894028871391076,0.9657,1.43151075962539,1.25011081607226,1.33109830555879,1.13234625409538,0.4677,0.624945231488243,0.566266889327463,0.353512090804409,0.30168776371308
"Taishin Bank","F17",83272,67439,80517,71350,203118,531403,564928,523838,502488,539549,0.1168,0.0923946084609795,0.0657500900430965,0.0447091800981079,0.019220354670684,0.0532,0.0413769542313357,0.043227104562861,0.0267628281670408,0.0230099583170389,664727,706148,669420,679156,741883,7268,7028.99053700747,6063.98315049025,5853.97393812792,6235.99787514146,17444,16749,16179,17799,17278,0.0157,0.0175458968941355,0.0198291057930746,0.00888455671451036,0.00495226336228219,0.9999,1.00683020737327,1.23664591637161,1.03331515717927,1.03239291111111,0.4469,0.404979401755329,0.39909759564868,0.305916062700152,0.334297951151754
"Ta Chong Bank","F18",35334,19613,13117,34249,109832,244739,219270,222476,235326,262868,0.0585,0.0557283434456738,0.051307463596859,0.018394697655406,0.0118635734576444,0.0424,0.0466958544260501,0.0428855247307575,0.0257005175798679,0.0223990748208226,271936,241777,263786,306451,322836,2834,2662.00242615736,2622.19051016768,2849.93459166511,3215.00052670389,3172,2986,2838,3386,3208,0.0189,0.02119308288216,0.0191556792248262,0.00857233293413955,0.00625704692165682,0.9185,0.992485947435354,1.01174952380952,0.980724262295082,1.00217712975098,0.7421,0.745813797722706,0.758985200845666,0.569108092144123,0.679862842892768
"Jih Sun Bank","F19",25547,16113,6668,6102,26690,181612,168898,140673,127081,129907,0.0663,0.0720536212995718,0.110827834433113,0.0776794493608653,0.0239790183589359,0.0483,0.0404445286504281,0.0429791075757253,0.0251571832138557,0.019852663828739,211234,209183,203636,164299,182228,2260,1973.99790203122,1666.999720235,1490.99854350845,1529.01023890785,5429,5168,4667,4403,4238,0.0179,0.017291080059087,0.0198589640338643,0.0123007443745854,0.00549860614175648,0.8761,0.899190418679549,0.851829777031887,0.878605821382933,0.893388392857143,0.4649,0.446594427244582,0.451039211484894,0.403361344537815,0.375176970268995
"Entie Bank","F20",13862,14395,3810,12798,31500,232505,186207,183963,187810,197734,0.1201,0.126988537686697,0.46509186351706,0.0800125019534302,0.0160634920634921,0.0367,0.0430166427685318,0.0411332713643504,0.0272402960438741,0.0248009952764825,264810,239759,238251,258749,298330,1601,1565.0000368669,1683.00234535,1674.98925229009,1944.99634006065,3878,3760,2889,2733,2114,0.0149,0.018285027882165,0.0171289942119865,0.00973143857560802,0.00633526631582476,0.6989,0.787220428739694,0.757574701855124,0.836423277393879,0.897688064516129,0.2999,0.326063829787234,0.452059536171686,0.399560922063666,0.527436140018921
"China Trust Bank","F21",352976,341085,440462,515042,506711,785284,803948,845733,850413,949894,0.0405,0.0316607297301259,0.0207373167265281,0.0129057436092591,0.0159420261253456,0.045,0.0399043221700906,0.0383324287925385,0.0251089764620249,0.0222203740627902,1207537,1160982,1220143,1307358,1335080,7739,8400.98096994354,8111.0114336977,7705.02261918571,9537.98151926077,34902,35017,32451,33257,32436,0.0174,0.0196661102411579,0.0181167289407881,0.00829918048461095,0.00592398957365851,1.5713,1.44542643810817,1.55122454244452,1.73562112156568,1.63325961248113,0.4903,0.49438843990062,0.491263751502265,0.425985506810596,0.408373412257985
"Sunny Bank","F22",33710,39732,13853,6029,5532,186575,175566,168777,163474,173909,0.0252,0.0173915232054767,0.0465603118458096,0.031680212307182,0.0280187997107737,0.033,0.0376553546814303,0.0371496116176967,0.0227681466165873,0.0228452811527868,216951,213853,214357,205370,213037,2600,2459.98496079063,2177.00470408052,1887.02902639333,1789.97233968143,9686,9945,9369,9206,9116,0.0155,0.0195087279579898,0.0215434998623791,0.0122705361055656,0.00705980651248375,0.8123,0.854476768558952,0.855762964824121,0.785361528239203,0.88101920071048,0.1177,0.10718954248366,0.110257231294695,0.0945035846187269,0.0909390083369899
"Bank of Panhsin","F23",3153,3886,3238,1675,2272,146084,130320,124438,117229,107411,0.0381,0.0501801338136902,0.0441630636195182,0.0501492537313433,0.0325704225352113,0.0363,0.0394183548189073,0.037601054340314,0.0240384205273439,0.025602591913305,160210,148355,149159,145876,143268,1603,1459.00204260286,1347.30538922156,1282.05128205128,1270.00787194962,5447,5752,6873,7067,7416,0.0163,0.019588150045499,0.0199250464269672,0.0115509062491431,0.00700784543652456,0.8877,0.767648,0.883986666666666,0.82758,0.865348966942149,0.163,0.145688456189152,0.115233522479267,0.103863025328994,0.0999190938511327
"Taiwan Business Bank","F24",136284,105598,140141,150833,157870,756746,843270,895725,920988,935304,0.0243,0.0351711206651641,0.0269656988318907,0.0145989272904471,0.0122759232279724,0.0296,0.0294093232298078,0.0311713974713221,0.0174193366254501,0.017232899677538,819453,882850,958712,996682,1035800,5041,5108.90024200054,5215.97108802168,5149.99356250805,5010.02426928353,14767,14734,14535,14512,14185,0.0161,0.0173902701478167,0.018098240138853,0.0083808075193492,0.00613728519019116,1.19,1.22589984210526,1.15510609593604,1.24854525,1.35009326032013,0.2212,0.236527758924936,0.233986928104575,0.208172546857773,0.209658089531195
"Taichung Bank","F25",8750,13191,16471,14829,14528,188124,194884,204675,220300,247600,0.0542,0.0531422939883254,0.0624734381640459,0.0173309056578326,0.0105313876651982,0.0379,0.0378635495987357,0.0367167460608281,0.0242623694961416,0.0226857835218094,239795,240223,261274,283499,313451,1969,2057.00536014711,1992.03187250996,1866.00433065851,1829.01250104875,3941,3786,3686,3601,3243,0.0134,0.0143283532384493,0.0145441184350529,0.00793653593134367,0.00483329132783114,0.8939,0.955272182596291,1.035124,0.890137269624574,0.960080917431193,0.2527,0.277337559429477,0.284590341833966,0.282421549569564,0.30958988590811
"China Development","F26",117749,142617,100678,100886,114442,73903,85570,80017,65631,72326,0.0071,0.0128666288030179,0.0153260891157949,0.00842535138671372,0.00641372922528442,0.0288,0.0342175996260372,0.033867803091843,0.0207828617574012,0.0157481403644609,37335,51469,62425,59851,77242,540,618.999866389026,594.998059788936,566.000004254839,567.000102725501,1360,1319,1355,1287,1219,0.0387,0.04214187180633,0.0239807769323188,0.00489549046799552,0.00249864063592346,2.6926,2.3134092230967,1.80672858056266,2.13074203345236,2.29629588026782,0.3897,0.444275966641395,0.36309963099631,0.329448329448329,0.366694011484824
"Hwatai Bank","F27",2354,2279,3751,2535,3121,77157,86626,81956,82920,88922,0.0365,0.0359806932865292,0.0175953079178886,0.0145956607495069,0.00961230374879846,0.0313,0.032530648996837,0.0378373761530577,0.0247226242161119,0.0253480578484515,85686,86654,97079,96456,105657,977,976.980728051392,892.004992291315,865.027166142408,855.989370400654,1938,1915,1873,1724,1667,0.014,0.0188450619705957,0.0206120788224024,0.011642614248984,0.00689968482921151,0.8393,0.902781369863014,0.883403127572016,0.895925619834711,1.02220895522388,0.258,0.275718015665796,0.287239722370529,0.274941995359629,0.275344931013797
"Cota Bank","F28",3983,11019,4468,4072,3709,81174,81109,79405,76409,85595,0.0244,0.0240493692712587,0.0669203222918532,0.0383104125736739,0.0331625775141548,0.0314,0.0346447373287798,0.0379573074743404,0.0273004488999987,0.025235118873766,100370,96031,99548,102947,108685,1117,1167.0203091846,1141.00901315033,1094.95602225812,1077.99619530755,2199,2097,1344,1307,1113,0.0144,0.0177859232956025,0.0188250894041066,0.0103742702555684,0.00671665823250679,0.7601,0.729207532467533,0.873788014388489,0.784506393442623,0.86735,0.2124,0.234620886981402,0.354910714285714,0.322876817138485,0.371069182389937
"Industrial Bank of Taiwan","F29",23720,25945,43179,27791,32293,49780,58736,67624,59673,66947,0.0098,0.0087492773174022,0.0124366011255471,0.014429131733295,0.01105502740532,0.0322,0.031786298011441,0.0342481959067787,0.0224892329864428,0.0182233707260968,49132,61228,71103,73275,76383,287,294.999882881877,297.000027247709,295.999840782482,281.999747626685,1456,2421,2433,2615,2605,0.0378,0.0343306983732933,0.0297455803552593,0.0107403616513135,0.00831336815783617,1.6516,1.96610247547875,1.28619516819572,2.0608119193154,2.09574655642023,0.2349,0.138372573316811,0.147554459515002,0.15678776290631,0.155470249520154
"Bank SinoPac","F30",212286,155953,183882,180368,267021,595122,608249,635901,657548,700600,0.046,0.103903099010599,0.133128854374001,0.0255422247848842,0.0171821691926852,0.021,0.0352569424692848,0.0338260200880326,0.0185416121712788,0.0190322580645161,792260,829854,828094,847911,936418,4740,4987.83454987835,4621.01570840323,4633.96039807966,4669.98485176369,10970,9075,9133,8890,8721,0.0107,0.0181200548530223,0.0174823148096714,0.00751140155039857,0.00501592237654552,0.7473,1.21555756097561,1.37870122112211,1.1845159493108,1.29829114921223,0.2353,0.443415977961433,0.421548231687288,0.38830146231721,0.413714023621144
"Shin Kong Bank","F31",21699,29291,38099,19845,17372,235686,278782,283359,286623,328574,0.1176,0.0881158034891264,0.0594241318669781,0.0793650793650794,0.0680980888786553,0.0355,0.0320573064258094,0.0356191262673852,0.022008003544726,0.021435049638742,304722,343744,366280,386804,428995,3388,3264.0021447242,3195.98310353072,2996.05906652106,3146.0023174971,14565,9393,8020,7494,7123,0.014,0.0157210016756656,0.0178906847220705,0.00860125541617977,0.00516556137017914,0.7922,0.849876892539357,0.805073092269327,0.843441315372425,0.863635727440147,0.2237,0.320238475460449,0.347256857855362,0.31852148385375,0.326407412607048
